{"population": 11745.0, "P": 6506.0, "N": 5239.0, "PositiveTest": 6505.0, "NegativeTest": 5240.0, "TP": 6477.0, "TN": 5211.0, "FP": 28.0, "FN": 29.0, "TPR": 0.9955425760836151, "TNR": 0.9946554686008781, "PPV": 0.995695618754804, "NPV": 0.9944656488549618, "FPR": 0.0053445313991219694, "FDR": 0.004304381245196003, "FNR": 0.004457423916384875, "ACC": 0.99514687100894, "F1_score": 0.9956190915379295, "MCC": 0.9901796559763837, "informedness": 0.9901980446844931, "markedness": 0.9901612676097657, "prevalence": 0.5539378458918689, "LRP": 186.273127003645, "LRN": 0.004481374764525112, "DOR": 41566.06773399015, "FOR": 0.005534351145038168}