{"precision": 0.9993852773935762, "recall": 0.9996925441967717, "f1_score": 0.9995388871810635, "accuracy": 99.94891008174388, "TP": 6503, "FN": 2, "FP": 4, "TN": 5235}