{"precision": 0.9944611489159677, "recall": 0.9660261337432744, "f1_score": 0.9800374298190891, "accuracy": 97.81997785915013, "TP": 6284, "FN": 221, "FP": 35, "TN": 5203}